[{"district": "Kupwara", "state": "JAMMU & KASHMIR", "country": "India"}, {"district": "Badgam", "state": "JAMMU & KASHMIR", "country": "India"}, {"district": "Leh(Ladakh)", "state": "JAMMU & KASHMIR", "country": "India"}, {"district": "Kargil", "state": "JAMMU & KASHMIR", "country": "India"}, {"district": "Punch", "state": "JAMMU & KASHMIR", "country": "India"}, {"district": "Rajouri", "state": "JAMMU & KASHMIR", "country": "India"}, {"district": "Kathua", "state": "JAMMU & KASHMIR", "country": "India"}, {"district": "Baramula", "state": "JAMMU & KASHMIR", "country": "India"}, {"district": "Bandipore", "state": "JAMMU & KASHMIR", "country": "India"}, {"district": "Srinagar", "state": "JAMMU & KASHMIR", "country": "India"}, {"district": "Ganderbal", "state": "JAMMU & KASHMIR", "country": "India"}, {"district": "Pulwama", "state": "JAMMU & KASHMIR", "country": "India"}, {"district": "Shupiyan", "state": "JAMMU & KASHMIR", "country": "India"}, {"district": "Anantnag", "state": "JAMMU & KASHMIR", "country": "India"}, {"district": "Kulgam", "state": "JAMMU & KASHMIR", "country": "India"}, {"district": "Doda", "state": "JAMMU & KASHMIR", "country": "India"}, {"district": "Ramban", "state": "JAMMU & KASHMIR", "country": "India"}, {"district": "Kishtwar", "state": "JAMMU & KASHMIR", "country": "India"}, {"district": "Udhampur", "state": "JAMMU & KASHMIR", "country": "India"}, {"district": "Reasi", "state": "JAMMU & KASHMIR", "country": "India"}, {"district": "Jammu", "state": "JAMMU & KASHMIR", "country": "India"}, {"district": "Samba", "state": "JAMMU & KASHMIR", "country": "India"}, {"district": "Chamba", "state": "HIMACHAL PRADESH", "country": "India"}, {"district": "Kangra", "state": "HIMACHAL PRADESH", "country": "India"}, {"district": "Lahul & Spiti", "state": "HIMACHAL PRADESH", "country": "India"}, {"district": "Kullu", "state": "HIMACHAL PRADESH", "country": "India"}, {"district": "Mandi", "state": "HIMACHAL PRADESH", "country": "India"}, {"district": "Hamirpur", "state": "HIMACHAL PRADESH", "country": "India"}, {"district": "Una", "state": "HIMACHAL PRADESH", "country": "India"}, {"district": "Bilaspur", "state": "HIMACHAL PRADESH", "country": "India"}, {"district": "Solan", "state": "HIMACHAL PRADESH", "country": "India"}, {"district": "Sirmaur", "state": "HIMACHAL PRADESH", "country": "India"}, {"district": "Shimla", "state": "HIMACHAL PRADESH", "country": "India"}, {"district": "Kinnaur", "state": "HIMACHAL PRADESH", "country": "India"}, {"district": "Uttarkashi", "state": "UTTARAKHAND", "country": "India"}, {"district": "Chamoli", "state": "UTTARAKHAND", "country": "India"}, {"district": "Rudraprayag", "state": "UTTARAKHAND", "country": "India"}, {"district": "Tehri Garhwal", "state": "UTTARAKHAND", "country": "India"}, {"district": "Dehradun", "state": "UTTARAKHAND", "country": "India"}, {"district": "Garhwal", "state": "UTTARAKHAND", "country": "India"}, {"district": "Pithoragarh", "state": "UTTARAKHAND", "country": "India"}, {"district": "Bageshwar", "state": "UTTARAKHAND", "country": "India"}, {"district": "Almora", "state": "UTTARAKHAND", "country": "India"}, {"district": "Champawat", "state": "UTTARAKHAND", "country": "India"}, {"district": "Nainital", "state": "UTTARAKHAND", "country": "India"}, {"district": "Udham Singh Nagar", "state": "UTTARAKHAND", "country": "India"}, {"district": "Hardwar", "state": "UTTARAKHAND", "country": "India"}, {"district": "Ganganagar ", "state": "RAJASTHAN", "country": "India"}, {"district": "Hanumangarh", "state": "RAJASTHAN", "country": "India"}, {"district": "Bikaner", "state": "RAJASTHAN", "country": "India"}, {"district": "Churu", "state": "RAJASTHAN", "country": "India"}, {"district": "Jhunjhunun", "state": "RAJASTHAN", "country": "India"}, {"district": "Alwar", "state": "RAJASTHAN", "country": "India"}, {"district": "Bharatpur", "state": "RAJASTHAN", "country": "India"}, {"district": "Dhaulpur", "state": "RAJASTHAN", "country": "India"}, {"district": "Karauli", "state": "RAJASTHAN", "country": "India"}, {"district": "Sawai Madhopur", "state": "RAJASTHAN", "country": "India"}, {"district": "Dausa", "state": "RAJASTHAN", "country": "India"}, {"district": "Jaipur", "state": "RAJASTHAN", "country": "India"}, {"district": "Sikar", "state": "RAJASTHAN", "country": "India"}, {"district": "Nagaur", "state": "RAJASTHAN", "country": "India"}, {"district": "Jodhpur", "state": "RAJASTHAN", "country": "India"}, {"district": "Jaisalmer", "state": "RAJASTHAN", "country": "India"}, {"district": "Barmer", "state": "RAJASTHAN", "country": "India"}, {"district": "Jalor", "state": "RAJASTHAN", "country": "India"}, {"district": "Sirohi", "state": "RAJASTHAN", "country": "India"}, {"district": "Pali", "state": "RAJASTHAN", "country": "India"}, {"district": "Ajmer", "state": "RAJASTHAN", "country": "India"}, {"district": "Tonk", "state": "RAJASTHAN", "country": "India"}, {"district": "Bundi", "state": "RAJASTHAN", "country": "India"}, {"district": "Bhilwara", "state": "RAJASTHAN", "country": "India"}, {"district": "Rajsamand", "state": "RAJASTHAN", "country": "India"}, {"district": "Dungarpur", "state": "RAJASTHAN", "country": "India"}, {"district": "Banswara", "state": "RAJASTHAN", "country": "India"}, {"district": "Chittaurgarh", "state": "RAJASTHAN", "country": "India"}, {"district": "Kota", "state": "RAJASTHAN", "country": "India"}, {"district": "Baran", "state": "RAJASTHAN", "country": "India"}, {"district": "Jhalawar", "state": "RAJASTHAN", "country": "India"}, {"district": "Udaipur", "state": "RAJASTHAN", "country": "India"}, {"district": "Pratapgarh", "state": "RAJASTHAN", "country": "India"}, {"district": "Saharanpur", "state": "UTTAR PRADESH", "country": "India"}, {"district": "Muzaffarnagar", "state": "UTTAR PRADESH", "country": "India"}, {"district": "Bijnor", "state": "UTTAR PRADESH", "country": "India"}, {"district": "Moradabad", "state": "UTTAR PRADESH", "country": "India"}, {"district": "Rampur", "state": "UTTAR PRADESH", "country": "India"}, {"district": "Jyotiba Phule Nagar", "state": "UTTAR PRADESH", "country": "India"}, {"district": "Meerut", "state": "UTTAR PRADESH", "country": "India"}, {"district": "Baghpat", "state": "UTTAR PRADESH", "country": "India"}, {"district": "Ghaziabad", "state": "UTTAR PRADESH", "country": "India"}, {"district": "Gautam Buddha Nagar", "state": "UTTAR PRADESH", "country": "India"}, {"district": "Bulandshahr ", "state": "UTTAR PRADESH", "country": "India"}, {"district": "Aligarh", "state": "UTTAR PRADESH", "country": "India"}, {"district": "Mahamaya Nagar", "state": "UTTAR PRADESH", "country": "India"}, {"district": "Mathura", "state": "UTTAR PRADESH", "country": "India"}, {"district": "Agra", "state": "UTTAR PRADESH", "country": "India"}, {"district": "Firozabad", "state": "UTTAR PRADESH", "country": "India"}, {"district": "Mainpuri", "state": "UTTAR PRADESH", "country": "India"}, {"district": "Budaun", "state": "UTTAR PRADESH", "country": "India"}, {"district": "Bareilly", "state": "UTTAR PRADESH", "country": "India"}, {"district": "Pilibhit", "state": "UTTAR PRADESH", "country": "India"}, {"district": "Shahjahanpur", "state": "UTTAR PRADESH", "country": "India"}, {"district": "Kheri", "state": "UTTAR PRADESH", "country": "India"}, {"district": "Sitapur", "state": "UTTAR PRADESH", "country": "India"}, {"district": "Hardoi", "state": "UTTAR PRADESH", "country": "India"}, {"district": "Unnao", "state": "UTTAR PRADESH", "country": "India"}, {"district": "Lucknow", "state": "UTTAR PRADESH", "country": "India"}, {"district": "Rae Bareli", "state": "UTTAR PRADESH", "country": "India"}, {"district": "Farrukhabad", "state": "UTTAR PRADESH", "country": "India"}, {"district": "Kannauj", "state": "UTTAR PRADESH", "country": "India"}, {"district": "Etawah", "state": "UTTAR PRADESH", "country": "India"}, {"district": "Auraiya", "state": "UTTAR PRADESH", "country": "India"}, {"district": "Kanpur Dehat", "state": "UTTAR PRADESH", "country": "India"}, {"district": "Kanpur Nagar", "state": "UTTAR PRADESH", "country": "India"}, {"district": "Jalaun ", "state": "UTTAR PRADESH", "country": "India"}, {"district": "Jhansi", "state": "UTTAR PRADESH", "country": "India"}, {"district": "Lalitpur", "state": "UTTAR PRADESH", "country": "India"}, {"district": "Hamirpur", "state": "UTTAR PRADESH", "country": "India"}, {"district": "Mahoba", "state": "UTTAR PRADESH", "country": "India"}, {"district": "Banda", "state": "UTTAR PRADESH", "country": "India"}, {"district": "Chitrakoot", "state": "UTTAR PRADESH", "country": "India"}, {"district": "Fatehpur", "state": "UTTAR PRADESH", "country": "India"}, {"district": "Pratapgarh", "state": "UTTAR PRADESH", "country": "India"}, {"district": "Kaushambi", "state": "UTTAR PRADESH", "country": "India"}, {"district": "Allahabad ", "state": "UTTAR PRADESH", "country": "India"}, {"district": "Bara Banki", "state": "UTTAR PRADESH", "country": "India"}, {"district": "Faizabad", "state": "UTTAR PRADESH", "country": "India"}, {"district": "Ambedkar Nagar", "state": "UTTAR PRADESH", "country": "India"}, {"district": "Sultanpur", "state": "UTTAR PRADESH", "country": "India"}, {"district": "Bahraich", "state": "UTTAR PRADESH", "country": "India"}, {"district": "Shrawasti", "state": "UTTAR PRADESH", "country": "India"}, {"district": "Balrampur", "state": "UTTAR PRADESH", "country": "India"}, {"district": "Gonda", "state": "UTTAR PRADESH", "country": "India"}, {"district": "Siddharthnagar", "state": "UTTAR PRADESH", "country": "India"}, {"district": "Basti", "state": "UTTAR PRADESH", "country": "India"}, {"district": "Sant Kabir Nagar", "state": "UTTAR PRADESH", "country": "India"}, {"district": "Mahrajganj", "state": "UTTAR PRADESH", "country": "India"}, {"district": "Gorakhpur", "state": "UTTAR PRADESH", "country": "India"}, {"district": "Kushinagar", "state": "UTTAR PRADESH", "country": "India"}, {"district": "Deoria", "state": "UTTAR PRADESH", "country": "India"}, {"district": "Azamgarh", "state": "UTTAR PRADESH", "country": "India"}, {"district": "Mau", "state": "UTTAR PRADESH", "country": "India"}, {"district": "Ballia", "state": "UTTAR PRADESH", "country": "India"}, {"district": "Jaunpur", "state": "UTTAR PRADESH", "country": "India"}, {"district": "Ghazipur", "state": "UTTAR PRADESH", "country": "India"}, {"district": "Chandauli", "state": "UTTAR PRADESH", "country": "India"}, {"district": "Varanasi", "state": "UTTAR PRADESH", "country": "India"}, {"district": "Sant Ravidas Nagar (Bhadohi)", "state": "UTTAR PRADESH", "country": "India"}, {"district": "Mirzapur", "state": "UTTAR PRADESH", "country": "India"}, {"district": "Sonbhadra", "state": "UTTAR PRADESH", "country": "India"}, {"district": "Etah", "state": "UTTAR PRADESH", "country": "India"}, {"district": "Kanshiram Nagar", "state": "UTTAR PRADESH", "country": "India"}, {"district": "Pashchim Champaran", "state": "BIHAR", "country": "India"}, {"district": "Purba Champaran", "state": "BIHAR", "country": "India"}, {"district": "Sheohar", "state": "BIHAR", "country": "India"}, {"district": "Sitamarhi", "state": "BIHAR", "country": "India"}, {"district": "Madhubani", "state": "BIHAR", "country": "India"}, {"district": "Supaul", "state": "BIHAR", "country": "India"}, {"district": "Araria", "state": "BIHAR", "country": "India"}, {"district": "Kishanganj", "state": "BIHAR", "country": "India"}, {"district": "Purnia", "state": "BIHAR", "country": "India"}, {"district": "Katihar", "state": "BIHAR", "country": "India"}, {"district": "Madhepura", "state": "BIHAR", "country": "India"}, {"district": "Saharsa", "state": "BIHAR", "country": "India"}, {"district": "Darbhanga", "state": "BIHAR", "country": "India"}, {"district": "Muzaffarpur", "state": "BIHAR", "country": "India"}, {"district": "Gopalganj", "state": "BIHAR", "country": "India"}, {"district": "Siwan", "state": "BIHAR", "country": "India"}, {"district": "Saran", "state": "BIHAR", "country": "India"}, {"district": "Vaishali", "state": "BIHAR", "country": "India"}, {"district": "Samastipur", "state": "BIHAR", "country": "India"}, {"district": "Begusarai", "state": "BIHAR", "country": "India"}, {"district": "Khagaria", "state": "BIHAR", "country": "India"}, {"district": "Bhagalpur", "state": "BIHAR", "country": "India"}, {"district": "Banka", "state": "BIHAR", "country": "India"}, {"district": "Munger", "state": "BIHAR", "country": "India"}, {"district": "Lakhisarai", "state": "BIHAR", "country": "India"}, {"district": "Sheikhpura", "state": "BIHAR", "country": "India"}, {"district": "Nalanda", "state": "BIHAR", "country": "India"}, {"district": "Patna", "state": "BIHAR", "country": "India"}, {"district": "Bhojpur", "state": "BIHAR", "country": "India"}, {"district": "Buxar", "state": "BIHAR", "country": "India"}, {"district": "Kaimur (Bhabua)", "state": "BIHAR", "country": "India"}, {"district": "Rohtas", "state": "BIHAR", "country": "India"}, {"district": "Aurangabad", "state": "BIHAR", "country": "India"}, {"district": "Gaya", "state": "BIHAR", "country": "India"}, {"district": "Nawada", "state": "BIHAR", "country": "India"}, {"district": "Jamui", "state": "BIHAR", "country": "India"}, {"district": "Jehanabad ", "state": "BIHAR", "country": "India"}, {"district": "Arwal", "state": "BIHAR", "country": "India"}, {"district": "North  District", "state": "SIKKIM", "country": "India"}, {"district": "West District", "state": "SIKKIM", "country": "India"}, {"district": "South District", "state": "SIKKIM", "country": "India"}, {"district": "East District", "state": "SIKKIM", "country": "India"}, {"district": "Tawang", "state": "ARUNACHAL PRADESH", "country": "India"}, {"district": "West Kameng", "state": "ARUNACHAL PRADESH", "country": "India"}, {"district": "East Kameng", "state": "ARUNACHAL PRADESH", "country": "India"}, {"district": "Papum Pare", "state": "ARUNACHAL PRADESH", "country": "India"}, {"district": "Upper Subansiri", "state": "ARUNACHAL PRADESH", "country": "India"}, {"district": "West Siang", "state": "ARUNACHAL PRADESH", "country": "India"}, {"district": "East Siang", "state": "ARUNACHAL PRADESH", "country": "India"}, {"district": "Upper Siang", "state": "ARUNACHAL PRADESH", "country": "India"}, {"district": "Changlang", "state": "ARUNACHAL PRADESH", "country": "India"}, {"district": "Tirap", "state": "ARUNACHAL PRADESH", "country": "India"}, {"district": "Lower Subansiri", "state": "ARUNACHAL PRADESH", "country": "India"}, {"district": "Kurung Kumey", "state": "ARUNACHAL PRADESH", "country": "India"}, {"district": "Dibang Valley", "state": "ARUNACHAL PRADESH", "country": "India"}, {"district": "Lower Dibang Valley", "state": "ARUNACHAL PRADESH", "country": "India"}, {"district": "Lohit", "state": "ARUNACHAL PRADESH", "country": "India"}, {"district": "Anjaw", "state": "ARUNACHAL PRADESH", "country": "India"}, {"district": "Mon", "state": "NAGALAND", "country": "India"}, {"district": "Mokokchung", "state": "NAGALAND", "country": "India"}, {"district": "Zunheboto", "state": "NAGALAND", "country": "India"}, {"district": "Wokha", "state": "NAGALAND", "country": "India"}, {"district": "Dimapur ", "state": "NAGALAND", "country": "India"}, {"district": "Phek", "state": "NAGALAND", "country": "India"}, {"district": "Tuensang", "state": "NAGALAND", "country": "India"}, {"district": "Longleng", "state": "NAGALAND", "country": "India"}, {"district": "Kiphire", "state": "NAGALAND", "country": "India"}, {"district": "Kohima", "state": "NAGALAND", "country": "India"}, {"district": "Peren", "state": "NAGALAND", "country": "India"}, {"district": "Senapati", "state": "MANIPUR", "country": "India"}, {"district": "Tamenglong ", "state": "MANIPUR", "country": "India"}, {"district": "Churachandpur", "state": "MANIPUR", "country": "India"}, {"district": "Bishnupur", "state": "MANIPUR", "country": "India"}, {"district": "Thoubal", "state": "MANIPUR", "country": "India"}, {"district": "Imphal West", "state": "MANIPUR", "country": "India"}, {"district": "Imphal East", "state": "MANIPUR", "country": "India"}, {"district": "Ukhrul", "state": "MANIPUR", "country": "India"}, {"district": "Chandel", "state": "MANIPUR", "country": "India"}, {"district": "Mamit", "state": "MIZORAM", "country": "India"}, {"district": "Kolasib", "state": "MIZORAM", "country": "India"}, {"district": "Aizawl", "state": "MIZORAM", "country": "India"}, {"district": "Champhai", "state": "MIZORAM", "country": "India"}, {"district": "Serchhip", "state": "MIZORAM", "country": "India"}, {"district": "Lunglei", "state": "MIZORAM", "country": "India"}, {"district": "Lawngtlai", "state": "MIZORAM", "country": "India"}, {"district": "Saiha", "state": "MIZORAM", "country": "India"}, {"district": "West Tripura ", "state": "TRIPURA", "country": "India"}, {"district": "South Tripura ", "state": "TRIPURA", "country": "India"}, {"district": "Dhalai", "state": "TRIPURA", "country": "India"}, {"district": "North Tripura", "state": "TRIPURA", "country": "India"}, {"district": "West Garo Hills", "state": "MEGHALAYA", "country": "India"}, {"district": "East Garo Hills", "state": "MEGHALAYA", "country": "India"}, {"district": "South Garo Hills", "state": "MEGHALAYA", "country": "India"}, {"district": "West Khasi Hills", "state": "MEGHALAYA", "country": "India"}, {"district": "Ribhoi", "state": "MEGHALAYA", "country": "India"}, {"district": "East Khasi Hills", "state": "MEGHALAYA", "country": "India"}, {"district": "Jaintia Hills", "state": "MEGHALAYA", "country": "India"}, {"district": "Kokrajhar", "state": "ASSAM", "country": "India"}, {"district": "Dhubri", "state": "ASSAM", "country": "India"}, {"district": "Goalpara", "state": "ASSAM", "country": "India"}, {"district": "Barpeta", "state": "ASSAM", "country": "India"}, {"district": "Morigaon", "state": "ASSAM", "country": "India"}, {"district": "Nagaon", "state": "ASSAM", "country": "India"}, {"district": "Sonitpur", "state": "ASSAM", "country": "India"}, {"district": "Lakhimpur", "state": "ASSAM", "country": "India"}, {"district": "Dhemaji", "state": "ASSAM", "country": "India"}, {"district": "Tinsukia", "state": "ASSAM", "country": "India"}, {"district": "Dibrugarh", "state": "ASSAM", "country": "India"}, {"district": "Sivasagar", "state": "ASSAM", "country": "India"}, {"district": "Jorhat", "state": "ASSAM", "country": "India"}, {"district": "Golaghat", "state": "ASSAM", "country": "India"}, {"district": "Karbi Anglong", "state": "ASSAM", "country": "India"}, {"district": "Dima Hasao", "state": "ASSAM", "country": "India"}, {"district": "Cachar", "state": "ASSAM", "country": "India"}, {"district": "Karimganj", "state": "ASSAM", "country": "India"}, {"district": "Hailakandi", "state": "ASSAM", "country": "India"}, {"district": "Bongaigaon", "state": "ASSAM", "country": "India"}, {"district": "Chirang", "state": "ASSAM", "country": "India"}, {"district": "Kamrup", "state": "ASSAM", "country": "India"}, {"district": "Kamrup Metropolitan", "state": "ASSAM", "country": "India"}, {"district": "Nalbari", "state": "ASSAM", "country": "India"}, {"district": "Baksa", "state": "ASSAM", "country": "India"}, {"district": "Darrang", "state": "ASSAM", "country": "India"}, {"district": "Udalguri", "state": "ASSAM", "country": "India"}, {"district": "Darjiling ", "state": "WEST BENGAL", "country": "India"}, {"district": "Jalpaiguri ", "state": "WEST BENGAL", "country": "India"}, {"district": "Koch Bihar ", "state": "WEST BENGAL", "country": "India"}, {"district": "Uttar Dinajpur", "state": "WEST BENGAL", "country": "India"}, {"district": "Dakshin Dinajpur", "state": "WEST BENGAL", "country": "India"}, {"district": "Maldah ", "state": "WEST BENGAL", "country": "India"}, {"district": "Murshidabad ", "state": "WEST BENGAL", "country": "India"}, {"district": "Birbhum", "state": "WEST BENGAL", "country": "India"}, {"district": "Barddhaman ", "state": "WEST BENGAL", "country": "India"}, {"district": "Nadia ", "state": "WEST BENGAL", "country": "India"}, {"district": "North Twenty Four Parganas", "state": "WEST BENGAL", "country": "India"}, {"district": "Hugli ", "state": "WEST BENGAL", "country": "India"}, {"district": "Bankura ", "state": "WEST BENGAL", "country": "India"}, {"district": "Puruliya", "state": "WEST BENGAL", "country": "India"}, {"district": "Haora ", "state": "WEST BENGAL", "country": "India"}, {"district": "Kolkata", "state": "WEST BENGAL", "country": "India"}, {"district": "South Twenty Four Parganas", "state": "WEST BENGAL", "country": "India"}, {"district": "Paschim Medinipur", "state": "WEST BENGAL", "country": "India"}, {"district": "Purba Medinipur", "state": "WEST BENGAL", "country": "India"}, {"district": "Garhwa ", "state": "JHARKHAND", "country": "India"}, {"district": "Chatra", "state": "JHARKHAND", "country": "India"}, {"district": "Kodarma", "state": "JHARKHAND", "country": "India"}, {"district": "Giridih", "state": "JHARKHAND", "country": "India"}, {"district": "Deoghar", "state": "JHARKHAND", "country": "India"}, {"district": "Godda", "state": "JHARKHAND", "country": "India"}, {"district": "Sahibganj", "state": "JHARKHAND", "country": "India"}, {"district": "Pakur", "state": "JHARKHAND", "country": "India"}, {"district": "Dhanbad", "state": "JHARKHAND", "country": "India"}, {"district": "Bokaro", "state": "JHARKHAND", "country": "India"}, {"district": "Lohardaga", "state": "JHARKHAND", "country": "India"}, {"district": "Purbi Singhbhum", "state": "JHARKHAND", "country": "India"}, {"district": "Palamu", "state": "JHARKHAND", "country": "India"}, {"district": "Latehar", "state": "JHARKHAND", "country": "India"}, {"district": "Hazaribagh", "state": "JHARKHAND", "country": "India"}, {"district": "Ramgarh", "state": "JHARKHAND", "country": "India"}, {"district": "Dumka", "state": "JHARKHAND", "country": "India"}, {"district": "Jamtara", "state": "JHARKHAND", "country": "India"}, {"district": "Ranchi", "state": "JHARKHAND", "country": "India"}, {"district": "Khunti", "state": "JHARKHAND", "country": "India"}, {"district": "Gumla", "state": "JHARKHAND", "country": "India"}, {"district": "Simdega", "state": "JHARKHAND", "country": "India"}, {"district": "Pashchimi Singhbhum", "state": "JHARKHAND", "country": "India"}, {"district": "Saraikela-Kharsawan", "state": "JHARKHAND", "country": "India"}, {"district": "Bargarh", "state": "ODISHA", "country": "India"}, {"district": "Jharsuguda", "state": "ODISHA", "country": "India"}, {"district": "Sambalpur", "state": "ODISHA", "country": "India"}, {"district": "Debagarh", "state": "ODISHA", "country": "India"}, {"district": "Sundargarh", "state": "ODISHA", "country": "India"}, {"district": "Kendujhar", "state": "ODISHA", "country": "India"}, {"district": "Mayurbhanj", "state": "ODISHA", "country": "India"}, {"district": "Baleshwar", "state": "ODISHA", "country": "India"}, {"district": "Bhadrak", "state": "ODISHA", "country": "India"}, {"district": "Kendrapara ", "state": "ODISHA", "country": "India"}, {"district": "Jagatsinghapur ", "state": "ODISHA", "country": "India"}, {"district": "Cuttack", "state": "ODISHA", "country": "India"}, {"district": "Jajapur  ", "state": "ODISHA", "country": "India"}, {"district": "Dhenkanal", "state": "ODISHA", "country": "India"}, {"district": "Anugul  ", "state": "ODISHA", "country": "India"}, {"district": "Nayagarh  ", "state": "ODISHA", "country": "India"}, {"district": "Khordha ", "state": "ODISHA", "country": "India"}, {"district": "Puri", "state": "ODISHA", "country": "India"}, {"district": "Ganjam", "state": "ODISHA", "country": "India"}, {"district": "Gajapati", "state": "ODISHA", "country": "India"}, {"district": "Kandhamal", "state": "ODISHA", "country": "India"}, {"district": "Baudh", "state": "ODISHA", "country": "India"}, {"district": "Subarnapur", "state": "ODISHA", "country": "India"}, {"district": "Balangir", "state": "ODISHA", "country": "India"}, {"district": "Nuapada", "state": "ODISHA", "country": "India"}, {"district": "Kalahandi", "state": "ODISHA", "country": "India"}, {"district": "Rayagada  ", "state": "ODISHA", "country": "India"}, {"district": "Nabarangapur ", "state": "ODISHA", "country": "India"}, {"district": "Koraput", "state": "ODISHA", "country": "India"}, {"district": "Malkangiri  ", "state": "ODISHA", "country": "India"}, {"district": "Koriya", "state": "CHHATTISGARH", "country": "India"}, {"district": "Surguja", "state": "CHHATTISGARH", "country": "India"}, {"district": "Jashpur ", "state": "CHHATTISGARH", "country": "India"}, {"district": "Raigarh", "state": "CHHATTISGARH", "country": "India"}, {"district": "Korba ", "state": "CHHATTISGARH", "country": "India"}, {"district": "Janjgir - Champa", "state": "CHHATTISGARH", "country": "India"}, {"district": "Bilaspur", "state": "CHHATTISGARH", "country": "India"}, {"district": "Kabeerdham", "state": "CHHATTISGARH", "country": "India"}, {"district": "Rajnandgaon", "state": "CHHATTISGARH", "country": "India"}, {"district": "Durg", "state": "CHHATTISGARH", "country": "India"}, {"district": "Raipur", "state": "CHHATTISGARH", "country": "India"}, {"district": "Mahasamund", "state": "CHHATTISGARH", "country": "India"}, {"district": "Dhamtari ", "state": "CHHATTISGARH", "country": "India"}, {"district": "Uttar Bastar Kanker", "state": "CHHATTISGARH", "country": "India"}, {"district": "Bastar", "state": "CHHATTISGARH", "country": "India"}, {"district": "Narayanpur", "state": "CHHATTISGARH", "country": "India"}, {"district": "Dakshin Bastar Dantewada", "state": "CHHATTISGARH", "country": "India"}, {"district": "Bijapur", "state": "CHHATTISGARH", "country": "India"}, {"district": "Sheopur ", "state": "MADHYA PRADESH", "country": "India"}, {"district": "Morena", "state": "MADHYA PRADESH", "country": "India"}, {"district": "Bhind", "state": "MADHYA PRADESH", "country": "India"}, {"district": "Gwalior", "state": "MADHYA PRADESH", "country": "India"}, {"district": "Datia", "state": "MADHYA PRADESH", "country": "India"}, {"district": "Shivpuri", "state": "MADHYA PRADESH", "country": "India"}, {"district": "Tikamgarh", "state": "MADHYA PRADESH", "country": "India"}, {"district": "Chhatarpur", "state": "MADHYA PRADESH", "country": "India"}, {"district": "Panna", "state": "MADHYA PRADESH", "country": "India"}, {"district": "Sagar", "state": "MADHYA PRADESH", "country": "India"}, {"district": "Damoh", "state": "MADHYA PRADESH", "country": "India"}, {"district": "Satna", "state": "MADHYA PRADESH", "country": "India"}, {"district": "Rewa", "state": "MADHYA PRADESH", "country": "India"}, {"district": "Umaria", "state": "MADHYA PRADESH", "country": "India"}, {"district": "Neemuch ", "state": "MADHYA PRADESH", "country": "India"}, {"district": "Mandsaur", "state": "MADHYA PRADESH", "country": "India"}, {"district": "Ratlam", "state": "MADHYA PRADESH", "country": "India"}, {"district": "Ujjain", "state": "MADHYA PRADESH", "country": "India"}, {"district": "Shajapur", "state": "MADHYA PRADESH", "country": "India"}, {"district": "Dewas", "state": "MADHYA PRADESH", "country": "India"}, {"district": "Dhar", "state": "MADHYA PRADESH", "country": "India"}, {"district": "Indore", "state": "MADHYA PRADESH", "country": "India"}, {"district": "Khargone (West Nimar)", "state": "MADHYA PRADESH", "country": "India"}, {"district": "Barwani ", "state": "MADHYA PRADESH", "country": "India"}, {"district": "Rajgarh", "state": "MADHYA PRADESH", "country": "India"}, {"district": "Vidisha", "state": "MADHYA PRADESH", "country": "India"}, {"district": "Bhopal", "state": "MADHYA PRADESH", "country": "India"}, {"district": "Sehore", "state": "MADHYA PRADESH", "country": "India"}, {"district": "Raisen", "state": "MADHYA PRADESH", "country": "India"}, {"district": "Betul", "state": "MADHYA PRADESH", "country": "India"}, {"district": "Harda ", "state": "MADHYA PRADESH", "country": "India"}, {"district": "Hoshangabad", "state": "MADHYA PRADESH", "country": "India"}, {"district": "Katni ", "state": "MADHYA PRADESH", "country": "India"}, {"district": "Jabalpur", "state": "MADHYA PRADESH", "country": "India"}, {"district": "Narsimhapur", "state": "MADHYA PRADESH", "country": "India"}, {"district": "Dindori ", "state": "MADHYA PRADESH", "country": "India"}, {"district": "Mandla", "state": "MADHYA PRADESH", "country": "India"}, {"district": "Chhindwara", "state": "MADHYA PRADESH", "country": "India"}, {"district": "Seoni", "state": "MADHYA PRADESH", "country": "India"}, {"district": "Balaghat", "state": "MADHYA PRADESH", "country": "India"}, {"district": "Guna", "state": "MADHYA PRADESH", "country": "India"}, {"district": "Ashoknagar", "state": "MADHYA PRADESH", "country": "India"}, {"district": "Shahdol", "state": "MADHYA PRADESH", "country": "India"}, {"district": "Anuppur", "state": "MADHYA PRADESH", "country": "India"}, {"district": "Sidhi", "state": "MADHYA PRADESH", "country": "India"}, {"district": "Singrauli", "state": "MADHYA PRADESH", "country": "India"}, {"district": "Jhabua", "state": "MADHYA PRADESH", "country": "India"}, {"district": "Alirajpur", "state": "MADHYA PRADESH", "country": "India"}, {"district": "Khandwa (East Nimar)", "state": "MADHYA PRADESH", "country": "India"}, {"district": "Burhanpur", "state": "MADHYA PRADESH", "country": "India"}, {"district": "Kachchh", "state": "GUJARAT", "country": "India"}, {"district": "Banas Kantha", "state": "GUJARAT", "country": "India"}, {"district": "Patan  ", "state": "GUJARAT", "country": "India"}, {"district": "Mahesana", "state": "GUJARAT", "country": "India"}, {"district": "Sabar Kantha", "state": "GUJARAT", "country": "India"}, {"district": "Gandhinagar", "state": "GUJARAT", "country": "India"}, {"district": "Ahmadabad", "state": "GUJARAT", "country": "India"}, {"district": "Surendranagar", "state": "GUJARAT", "country": "India"}, {"district": "Rajkot", "state": "GUJARAT", "country": "India"}, {"district": "Jamnagar", "state": "GUJARAT", "country": "India"}, {"district": "Porbandar ", "state": "GUJARAT", "country": "India"}, {"district": "Junagadh", "state": "GUJARAT", "country": "India"}, {"district": "Amreli", "state": "GUJARAT", "country": "India"}, {"district": "Bhavnagar", "state": "GUJARAT", "country": "India"}, {"district": "Anand  ", "state": "GUJARAT", "country": "India"}, {"district": "Kheda", "state": "GUJARAT", "country": "India"}, {"district": "Panch Mahals", "state": "GUJARAT", "country": "India"}, {"district": "Dohad  ", "state": "GUJARAT", "country": "India"}, {"district": "Vadodara", "state": "GUJARAT", "country": "India"}, {"district": "Narmada", "state": "GUJARAT", "country": "India"}, {"district": "Bharuch", "state": "GUJARAT", "country": "India"}, {"district": "The Dangs", "state": "GUJARAT", "country": "India"}, {"district": "Navsari  ", "state": "GUJARAT", "country": "India"}, {"district": "Valsad", "state": "GUJARAT", "country": "India"}, {"district": "Surat", "state": "GUJARAT", "country": "India"}, {"district": "Tapi", "state": "GUJARAT", "country": "India"}, {"district": "Diu", "state": "DAMAN & DIU", "country": "India"}, {"district": "Daman", "state": "DAMAN & DIU", "country": "India"}, {"district": "Dadra & Nagar Haveli", "state": "DADRA & NAGAR HAVELI", "country": "India"}, {"district": "Nandurbar", "state": "MAHARASHTRA", "country": "India"}, {"district": "Dhule", "state": "MAHARASHTRA", "country": "India"}, {"district": "Jalgaon", "state": "MAHARASHTRA", "country": "India"}, {"district": "Buldana", "state": "MAHARASHTRA", "country": "India"}, {"district": "Akola", "state": "MAHARASHTRA", "country": "India"}, {"district": "Washim", "state": "MAHARASHTRA", "country": "India"}, {"district": "Amravati", "state": "MAHARASHTRA", "country": "India"}, {"district": "Wardha", "state": "MAHARASHTRA", "country": "India"}, {"district": "Nagpur", "state": "MAHARASHTRA", "country": "India"}, {"district": "Bhandara", "state": "MAHARASHTRA", "country": "India"}, {"district": "Gondiya", "state": "MAHARASHTRA", "country": "India"}, {"district": "Gadchiroli", "state": "MAHARASHTRA", "country": "India"}, {"district": "Chandrapur", "state": "MAHARASHTRA", "country": "India"}, {"district": "Yavatmal", "state": "MAHARASHTRA", "country": "India"}, {"district": "Nanded", "state": "MAHARASHTRA", "country": "India"}, {"district": "Hingoli", "state": "MAHARASHTRA", "country": "India"}, {"district": "Parbhani", "state": "MAHARASHTRA", "country": "India"}, {"district": "Jalna", "state": "MAHARASHTRA", "country": "India"}, {"district": "Aurangabad", "state": "MAHARASHTRA", "country": "India"}, {"district": "Nashik", "state": "MAHARASHTRA", "country": "India"}, {"district": "Thane", "state": "MAHARASHTRA", "country": "India"}, {"district": "Mumbai Suburban", "state": "MAHARASHTRA", "country": "India"}, {"district": "Mumbai", "state": "MAHARASHTRA", "country": "India"}, {"district": "Raigarh", "state": "MAHARASHTRA", "country": "India"}, {"district": "Pune", "state": "MAHARASHTRA", "country": "India"}, {"district": "Ahmadnagar", "state": "MAHARASHTRA", "country": "India"}, {"district": "Bid", "state": "MAHARASHTRA", "country": "India"}, {"district": "Latur", "state": "MAHARASHTRA", "country": "India"}, {"district": "Osmanabad", "state": "MAHARASHTRA", "country": "India"}, {"district": "Solapur", "state": "MAHARASHTRA", "country": "India"}, {"district": "Satara", "state": "MAHARASHTRA", "country": "India"}, {"district": "Ratnagiri", "state": "MAHARASHTRA", "country": "India"}, {"district": "Sindhudurg", "state": "MAHARASHTRA", "country": "India"}, {"district": "Kolhapur", "state": "MAHARASHTRA", "country": "India"}, {"district": "Sangli", "state": "MAHARASHTRA", "country": "India"}, {"district": "Adilabad", "state": "ANDHRA PRADESH", "country": "India"}, {"district": "Nizamabad", "state": "ANDHRA PRADESH", "country": "India"}, {"district": "Karimnagar", "state": "ANDHRA PRADESH", "country": "India"}, {"district": "Medak", "state": "ANDHRA PRADESH", "country": "India"}, {"district": "Hyderabad", "state": "ANDHRA PRADESH", "country": "India"}, {"district": "Rangareddy", "state": "ANDHRA PRADESH", "country": "India"}, {"district": "Mahbubnagar", "state": "ANDHRA PRADESH", "country": "India"}, {"district": "Nalgonda", "state": "ANDHRA PRADESH", "country": "India"}, {"district": "Warangal", "state": "ANDHRA PRADESH", "country": "India"}, {"district": "Khammam", "state": "ANDHRA PRADESH", "country": "India"}, {"district": "Srikakulam", "state": "ANDHRA PRADESH", "country": "India"}, {"district": "Vizianagaram", "state": "ANDHRA PRADESH", "country": "India"}, {"district": "Visakhapatnam", "state": "ANDHRA PRADESH", "country": "India"}, {"district": "East Godavari", "state": "ANDHRA PRADESH", "country": "India"}, {"district": "West Godavari", "state": "ANDHRA PRADESH", "country": "India"}, {"district": "Krishna", "state": "ANDHRA PRADESH", "country": "India"}, {"district": "Guntur", "state": "ANDHRA PRADESH", "country": "India"}, {"district": "Prakasam", "state": "ANDHRA PRADESH", "country": "India"}, {"district": "Sri Potti Sriramulu Nellore", "state": "ANDHRA PRADESH", "country": "India"}, {"district": "Y.S.R.", "state": "ANDHRA PRADESH", "country": "India"}, {"district": "Kurnool", "state": "ANDHRA PRADESH", "country": "India"}, {"district": "Anantapur", "state": "ANDHRA PRADESH", "country": "India"}, {"district": "Chittoor", "state": "ANDHRA PRADESH", "country": "India"}, {"district": "Belgaum", "state": "KARNATAKA", "country": "India"}, {"district": "Bagalkot ", "state": "KARNATAKA", "country": "India"}, {"district": "Bijapur", "state": "KARNATAKA", "country": "India"}, {"district": "Bidar", "state": "KARNATAKA", "country": "India"}, {"district": "Raichur", "state": "KARNATAKA", "country": "India"}, {"district": "Koppal", "state": "KARNATAKA", "country": "India"}, {"district": "Gadag", "state": "KARNATAKA", "country": "India"}, {"district": "Dharwad", "state": "KARNATAKA", "country": "India"}, {"district": "Uttara Kannada", "state": "KARNATAKA", "country": "India"}, {"district": "Haveri", "state": "KARNATAKA", "country": "India"}, {"district": "Bellary", "state": "KARNATAKA", "country": "India"}, {"district": "Chitradurga", "state": "KARNATAKA", "country": "India"}, {"district": "Davanagere", "state": "KARNATAKA", "country": "India"}, {"district": "Shimoga", "state": "KARNATAKA", "country": "India"}, {"district": "Udupi", "state": "KARNATAKA", "country": "India"}, {"district": "Chikmagalur", "state": "KARNATAKA", "country": "India"}, {"district": "Tumkur", "state": "KARNATAKA", "country": "India"}, {"district": "Bangalore", "state": "KARNATAKA", "country": "India"}, {"district": "Mandya", "state": "KARNATAKA", "country": "India"}, {"district": "Hassan", "state": "KARNATAKA", "country": "India"}, {"district": "Dakshina Kannada", "state": "KARNATAKA", "country": "India"}, {"district": "Kodagu", "state": "KARNATAKA", "country": "India"}, {"district": "Mysore", "state": "KARNATAKA", "country": "India"}, {"district": "Chamarajanagar", "state": "KARNATAKA", "country": "India"}, {"district": "Gulbarga", "state": "KARNATAKA", "country": "India"}, {"district": "Yadgir", "state": "KARNATAKA", "country": "India"}, {"district": "Kolar", "state": "KARNATAKA", "country": "India"}, {"district": "Chikkaballapura", "state": "KARNATAKA", "country": "India"}, {"district": "Bangalore Rural", "state": "KARNATAKA", "country": "India"}, {"district": "Ramanagara", "state": "KARNATAKA", "country": "India"}, {"district": "North Goa", "state": "GOA", "country": "India"}, {"district": "South Goa", "state": "GOA", "country": "India"}, {"district": "Lakshadweep", "state": "LAKSHADWEEP", "country": "India"}, {"district": "Kasaragod", "state": "KERALA", "country": "India"}, {"district": "Kannur", "state": "KERALA", "country": "India"}, {"district": "Wayanad", "state": "KERALA", "country": "India"}, {"district": "Kozhikode", "state": "KERALA", "country": "India"}, {"district": "Malappuram", "state": "KERALA", "country": "India"}, {"district": "Palakkad", "state": "KERALA", "country": "India"}, {"district": "Thrissur", "state": "KERALA", "country": "India"}, {"district": "Ernakulam", "state": "KERALA", "country": "India"}, {"district": "Idukki ", "state": "KERALA", "country": "India"}, {"district": "Kottayam", "state": "KERALA", "country": "India"}, {"district": "Alappuzha", "state": "KERALA", "country": "India"}, {"district": "Pathanamthitta", "state": "KERALA", "country": "India"}, {"district": "Kollam", "state": "KERALA", "country": "India"}, {"district": "Thiruvananthapuram", "state": "KERALA", "country": "India"}, {"district": "Thiruvallur", "state": "TAMIL NADU", "country": "India"}, {"district": "Chennai", "state": "TAMIL NADU", "country": "India"}, {"district": "Kancheepuram", "state": "TAMIL NADU", "country": "India"}, {"district": "Vellore", "state": "TAMIL NADU", "country": "India"}, {"district": "Tiruvannamalai", "state": "TAMIL NADU", "country": "India"}, {"district": "Viluppuram", "state": "TAMIL NADU", "country": "India"}, {"district": "Salem", "state": "TAMIL NADU", "country": "India"}, {"district": "Namakkal   ", "state": "TAMIL NADU", "country": "India"}, {"district": "Erode", "state": "TAMIL NADU", "country": "India"}, {"district": "The Nilgiris", "state": "TAMIL NADU", "country": "India"}, {"district": "Dindigul", "state": "TAMIL NADU", "country": "India"}, {"district": "Karur ", "state": "TAMIL NADU", "country": "India"}, {"district": "Tiruchirappalli", "state": "TAMIL NADU", "country": "India"}, {"district": "Perambalur  ", "state": "TAMIL NADU", "country": "India"}, {"district": "Ariyalur  ", "state": "TAMIL NADU", "country": "India"}, {"district": "Cuddalore", "state": "TAMIL NADU", "country": "India"}, {"district": "Nagapattinam  ", "state": "TAMIL NADU", "country": "India"}, {"district": "Thiruvarur", "state": "TAMIL NADU", "country": "India"}, {"district": "Thanjavur", "state": "TAMIL NADU", "country": "India"}, {"district": "Pudukkottai", "state": "TAMIL NADU", "country": "India"}, {"district": "Sivaganga", "state": "TAMIL NADU", "country": "India"}, {"district": "Madurai", "state": "TAMIL NADU", "country": "India"}, {"district": "Theni  ", "state": "TAMIL NADU", "country": "India"}, {"district": "Virudhunagar", "state": "TAMIL NADU", "country": "India"}, {"district": "Ramanathapuram", "state": "TAMIL NADU", "country": "India"}, {"district": "Thoothukkudi", "state": "TAMIL NADU", "country": "India"}, {"district": "Tirunelveli ", "state": "TAMIL NADU", "country": "India"}, {"district": "Kanniyakumari", "state": "TAMIL NADU", "country": "India"}, {"district": "Dharmapuri", "state": "TAMIL NADU", "country": "India"}, {"district": "Krishnagiri", "state": "TAMIL NADU", "country": "India"}, {"district": "Coimbatore", "state": "TAMIL NADU", "country": "India"}, {"district": "Tiruppur", "state": "TAMIL NADU", "country": "India"}, {"district": "Nicobars", "state": "ANDAMAN & NICOBAR ISLANDS", "country": "India"}, {"district": "North  & Middle Andaman", "state": "ANDAMAN & NICOBAR ISLANDS", "country": "India"}, {"district": "South Andaman", "state": "ANDAMAN & NICOBAR ISLANDS", "country": "India"}]